{
  "loss": [
    0.039121564477682114,
    0.02667110040783882,
    0.022612258791923523,
    0.021547595039010048,
    0.020366836339235306,
    0.019615445286035538,
    0.019724421203136444,
    0.0186019130051136,
    0.0182621069252491,
    0.018266016617417336,
    0.017863819375634193,
    0.017251253128051758,
    0.01732627861201763,
    0.01700739376246929,
    0.016206424683332443,
    0.016278769820928574,
    0.01604469306766987,
    0.016508854925632477,
    0.016212448477745056,
    0.016206301748752594,
    0.01590917445719242,
    0.015956969931721687,
    0.016016021370887756,
    0.016030918806791306,
    0.01591838151216507,
    0.015757521614432335,
    0.016121413558721542,
    0.015761595219373703,
    0.015675770118832588,
    0.015629202127456665,
    0.015469705685973167,
    0.015534915030002594,
    0.015157962217926979,
    0.015227800235152245,
    0.01571590267121792,
    0.01553591713309288,
    0.01540417317301035,
    0.014985604211688042,
    0.0152025381103158,
    0.015447397716343403,
    0.015064464882016182,
    0.015317995101213455,
    0.015271436423063278,
    0.014837624505162239,
    0.014776361174881458,
    0.01491169910877943,
    0.015125779435038567,
    0.014867630787193775,
    0.014576050452888012,
    0.014707135036587715,
    0.014536689035594463,
    0.014835228212177753,
    0.0148548549041152,
    0.014557117596268654,
    0.014435864984989166,
    0.014630117453634739,
    0.013974054716527462,
    0.014304014854133129,
    0.014025485143065453,
    0.014187203720211983
  ],
  "mean_absolute_error": [
    0.14422330260276794,
    0.11618800461292267,
    0.10372990369796753,
    0.10215166956186295,
    0.09685621410608292,
    0.09468431025743484,
    0.09362611919641495,
    0.09107568860054016,
    0.08996692299842834,
    0.08984309434890747,
    0.08894984424114227,
    0.08660922944545746,
    0.08683620393276215,
    0.08504145592451096,
    0.08405788987874985,
    0.08350072056055069,
    0.08271652460098267,
    0.0846971720457077,
    0.08358346670866013,
    0.08318524062633514,
    0.08269985765218735,
    0.08250855654478073,
    0.08249098807573318,
    0.08232659846544266,
    0.08267276734113693,
    0.0816369578242302,
    0.08242075890302658,
    0.08164138346910477,
    0.08124379068613052,
    0.08071363717317581,
    0.08130732923746109,
    0.08162952214479446,
    0.08013472706079483,
    0.08052108436822891,
    0.08150513470172882,
    0.08144710958003998,
    0.07987315952777863,
    0.07891616970300674,
    0.07960353791713715,
    0.08057869225740433,
    0.0795353353023529,
    0.08056329190731049,
    0.0801725760102272,
    0.07895472645759583,
    0.07922297716140747,
    0.07877881079912186,
    0.07902310788631439,
    0.07904453575611115,
    0.07774082571268082,
    0.07839002460241318,
    0.07792429625988007,
    0.07844819873571396,
    0.07886429876089096,
    0.07719289511442184,
    0.07765690982341766,
    0.07844546437263489,
    0.07641489058732986,
    0.07708783447742462,
    0.07617568969726562,
    0.07622048258781433
  ],
  "val_loss": [
    0.04273507371544838,
    0.04409302398562431,
    0.04181713983416557,
    0.03969644382596016,
    0.03778894618153572,
    0.03789704293012619,
    0.03584318235516548,
    0.035074383020401,
    0.03397064656019211,
    0.03308752924203873,
    0.031928230077028275,
    0.030897442251443863,
    0.029994569718837738,
    0.0292058102786541,
    0.028742525726556778,
    0.027876809239387512,
    0.027518095448613167,
    0.02724144048988819,
    0.02688387967646122,
    0.026651250198483467,
    0.026430919766426086,
    0.026399023830890656,
    0.026137368753552437,
    0.025947343558073044,
    0.025896454229950905,
    0.025798000395298004,
    0.025637565180659294,
    0.025386283174157143,
    0.025379903614521027,
    0.024914540350437164,
    0.024472814053297043,
    0.024553339928388596,
    0.024366339668631554,
    0.02427128329873085,
    0.024092040956020355,
    0.023684823885560036,
    0.023641856387257576,
    0.02359987609088421,
    0.023300139233469963,
    0.023285221308469772,
    0.0232975035905838,
    0.023130007088184357,
    0.023098517209291458,
    0.02277836762368679,
    0.022545143961906433,
    0.02259652689099312,
    0.022450663149356842,
    0.022181512787938118,
    0.022259512916207314,
    0.02195042185485363,
    0.02177014946937561,
    0.021710213273763657,
    0.0219084732234478,
    0.021684298291802406,
    0.0217205211520195,
    0.021540135145187378,
    0.021638832986354828,
    0.02154017798602581,
    0.02146144025027752,
    0.021459486335515976
  ],
  "val_mean_absolute_error": [
    0.13253769278526306,
    0.1361246258020401,
    0.13117991387844086,
    0.13440316915512085,
    0.125678151845932,
    0.12211768329143524,
    0.11781973391771317,
    0.11552175134420395,
    0.11441534012556076,
    0.1121549978852272,
    0.11208564788103104,
    0.1076844334602356,
    0.10554298013448715,
    0.10508008301258087,
    0.10086505860090256,
    0.10425251722335815,
    0.10126447677612305,
    0.10053113847970963,
    0.10023056715726852,
    0.10035025328397751,
    0.10064789652824402,
    0.0979309231042862,
    0.10069921612739563,
    0.09742248803377151,
    0.09644540399312973,
    0.09533030539751053,
    0.09515795111656189,
    0.09523158520460129,
    0.09208749234676361,
    0.0922236293554306,
    0.09193748980760574,
    0.09216714650392532,
    0.09252361208200455,
    0.09496169537305832,
    0.09751614183187485,
    0.09070826321840286,
    0.08894766867160797,
    0.09252490848302841,
    0.08878587186336517,
    0.08823559433221817,
    0.08739110827445984,
    0.09577386826276779,
    0.08807042241096497,
    0.09212358295917511,
    0.08703731745481491,
    0.08587940782308578,
    0.08930911123752594,
    0.08627060055732727,
    0.08898203819990158,
    0.08492127060890198,
    0.08803489804267883,
    0.08679495751857758,
    0.08540914952754974,
    0.08644335716962814,
    0.0885409489274025,
    0.08477676659822464,
    0.08562847971916199,
    0.08766026049852371,
    0.08689854294061661,
    0.08424918353557587
  ]
}